word,pos,meaning,english,chinese
abstract,adj.,抽象的,"""Love"" is an abstract concept.",「愛」是一個抽象的概念。
abstract,n.,(論文) 摘要,Please read the abstract of this paper.,請閱讀這篇論文的摘要。
abstract,v.,提取/萃取,Metals are abstracted from ores.,金屬是從礦石中提取的。
account,n.,帳戶,I opened a bank account.,我開了一個銀行帳戶。
account,n.,描述/報導,She gave a detailed account of the trip.,她詳細描述了這次旅行。
account,v.,解釋 (常用 account for),How do you account for the success?,你如何解釋這次成功？
address,n.,地址,Please write your address here.,請在這裡寫下你的地址。
address,v.,處理/演說,The president addressed the nation.,總統向全國發表演說。
address,v.,稱呼,How should I address you?,我該怎麼稱呼您？
appreciate,v.,感激,I highly appreciate your help.,我非常感激你的幫助。
appreciate,v.,欣賞/理解,You should learn to appreciate art.,你應該學習欣賞藝術。
appreciate,v.,增值/升值,The house has appreciated in value.,房子已經升值了。
approach,n.,方法/途徑,This is a different approach.,這是一個不同的方法。
approach,v.,接近,The final exam is approaching.,期末考正在接近。
approach,v.,處理,We need a new way to approach this problem.,我們需要新的方法來處理這個問題。
appropriate,adj.,適當的,Is this dress appropriate for a wedding?,這件衣服適合穿去婚禮嗎？
appropriate,v.,撥款/挪用,The government appropriated funds for the school.,政府撥款給這所學校。
arm,n.,手臂,He broke his arm.,他摔斷了手臂。
arm,n.,分支（組織）,the political arm of the group,該組織的政治分支。
arm,v.,武裝,The soldiers were armed with guns.,士兵們用槍武裝自己。
article,n.,文章/報導,I read an article about climate change.,我讀了一篇關於氣候變遷的文章。
article,n.,物品/物件,Several articles of clothing were found.,發現了幾件衣服。
article,n.,冠詞 (語法),The' is a definite article.,The' 是定冠詞。
back,adj.,後面的,the back door,後門。
back,adv.,向後,Please step back.,請向後退。
back,n.,背部,My back hurts.,我背痛。
back,v.,支持,I back your decision.,我支持你的決定。
balance,n.,平衡,He lost his balance and fell.,他失去平衡跌倒了。
balance,n.,餘額 (銀行),What is your bank balance?,你的銀行餘額是多少？
balance,v.,使平衡,You need to balance work and life.,你需要平衡工作與生活。
bank,n.,銀行,I need to go to the bank.,我需要去銀行。
bank,n.,河岸,We sat on the river bank.,我們坐在河岸上。
bank,v.,存錢,She banks half her salary.,她把一半薪水存進銀行。
bar,n.,酒吧,Let's go to a bar.,我們去酒吧吧。
bar,n.,長條,a bar of chocolate,一條巧克力
bar,n.,律師行業,She passed the bar exam.,她通過了律師考試。
bar,v.,禁止,He was barred from the competition.,他被禁止參賽。
bar,v.,阻擋,A wall bars the way.,一堵牆擋住了路。
bark,n.,樹皮,The tree has rough bark.,這棵樹的樹皮很粗糙。
bark,n.,狗叫聲,The bark woke me up.,狗叫聲把我吵醒了。
bark,v.,吠叫,The dog barks loudly.,那隻狗大聲吠叫。
bark,v.,厲聲說話,He barked orders at his staff.,他厲聲對下屬發號施令。
bat,n.,蝙蝠,Bats come out at night.,蝙蝠在夜間出沒。
bat,n.,球棒,He swung the baseball bat.,他揮動棒球棒。
bat,v.,擊球,He batted the ball.,他擊中了球。
bat,v.,眨眼（bat an eye）,She didn't bat an eye.,她連眼睛都沒眨一下。
bear,n.,熊,A bear appeared in the forest.,森林裡出現了一隻熊。
bear,v.,忍受,I can't bear the pain.,我無法忍受疼痛。
bear,v.,生育,She bore three children.,她生了三個孩子。
bear,v.,攜帶/具有,He bears a resemblance to his father.,他長得像他父親。
bench,n.,長凳,We sat on a park bench.,我們坐在公園長凳上。
bench,n.,法官席/法院,He was appointed to the bench.,他被任命為法官。
bench,n.,替補席 (體育),The star player started on the bench.,這位明星球員從替補席出發。
betray,v.,背叛,He betrayed his country.,他背叛了他的國家。
betray,v.,洩露,His eyes betrayed his fear.,他的眼神洩露了他的恐懼。
betray,v.,顯露,Her accent betrays her origin.,她的口音顯露出她的來歷。
bill,n.,帳單,The electricity bill is due.,電費帳單到期了。
bill,n.,法案,Parliament passed the bill.,議會通過了該法案。
bill,n.,鳥嘴（喙）,The bird has a long bill.,這隻鳥有長長的喙。
bill,v.,開帳單,We will bill you later.,我們之後會開帳單給您。
block,n.,街區,Walk two blocks and turn left.,走兩個街區後左轉。
block,n.,塊狀物/積木,A block of ice.,一塊冰。
block,n.,(心理或生理的) 障礙,I have a writer's block.,我遇到了寫作瓶頸（文思枯竭）。
block,v.,阻擋/封鎖,The fallen tree blocked the road.,倒下的樹阻斷了道路。
board,n.,木板,He cut the wood on a board.,他在木板上切木頭。
board,n.,委員會,the board of directors,董事會。
board,n.,膳食（食宿）,Room and board costs $500.,食宿費用500美元。
board,v.,上（船/火車/飛機）,We boarded the plane.,我們登上了飛機。
board,v.,用木板覆蓋,The windows were boarded up.,窗戶用木板封住了。
book,n.,書,I read a good book.,我讀了一本好書。
book,v.,預訂,You should book a table.,你應該預訂一張桌子。
bound,adj.,被束縛的,He is bound by a promise.,他被承諾束縛。
bound,adj.,一定會的,It is bound to happen.,這一定會發生。
bound,n.,界限（常用複數）,This is beyond the bounds of reason.,這超出了理性的界限。
bound,v.,跳躍,The dog bounded across the field.,狗跳躍過田野。
bow,n.,弓（武器）,He shot an arrow with a bow.,他用弓射箭。
bow,n.,鞠躬,He gave a deep bow.,他深深鞠了一躬。
bow,n.,蝴蝶結,She tied a bow on the gift.,她在禮物上打了個蝴蝶結。
bow,n.,船頭,the bow of the ship,船頭。
bow,v.,鞠躬,She bowed to the audience.,她向觀眾鞠躬。
bow,v.,彎曲,The branch bowed under the weight.,樹枝被重量壓彎了。
box,n.,盒子,He opened the box.,他打開了盒子。
box,n.,方框,Tick the box.,勾選方框。
box,v.,拳擊,He boxes professionally.,他職業打拳擊。
box,v.,把…裝入盒中,She boxed the gifts.,她把禮物裝進盒子裡。
bridge,n.,橋,They crossed the bridge.,他們過了橋。
bridge,n.,船橋/艦橋,the bridge of a ship,船的駕駛台。
bridge,n.,鼻樑,His glasses sit on the bridge of his nose.,他的眼鏡架在鼻樑上。
bridge,n.,橋牌（紙牌遊戲）,They play bridge every Friday.,他們每週五打橋牌。
bridge,v.,彌合/架橋,We need to bridge the gap.,我們需要彌合差距。
brief,adj.,簡短的,"Please be brief, we are in a hurry.",請簡短一點，我們趕時間。
brief,n.,概要/訴狀,He read the legal brief.,他閱讀了法律訴狀。
brief,v.,向...簡報,The general briefed the president.,將軍向總統進行了簡報。
button,n.,鈕扣,He buttoned his shirt.,他扣上了襯衫的扣子。
button,n.,按鈕,Press the start button.,按下啟動按鈕。
button,v.,扣上,Button your coat.,扣上你的外套。
button,v.,用按鈕操作,He buttoned through the menu.,他用按鈕操作選單。
calf,n.,小牛,The calf stayed close to its mother.,小牛緊跟在母牛身邊。
calf,n.,小腿,He injured his calf muscle.,他拉傷了小腿肌肉。
capacity,n.,容量/生產力,"The stadium has a capacity of 50,000.",這個體育場可容納 5 萬人。
capacity,n.,能力/職位,He is acting in a legal capacity.,他正以法律顧問的身分行事。
capital,adj.,大寫的,Write your name in capital letters.,用大寫字母寫你的名字。
capital,n.,首都,Tokyo is the capital of Japan.,東京是日本的首都。
capital,n.,資本/資金,He needs capital to start a business.,他需要資金創業。
case,n.,案例/案件,This is a special case.,這是一個特殊案例。
case,n.,箱子/套子,Put the phone in its case.,把手機放進殼裡。
case,n.,情況 (in case),"In case of fire, use stairs.",萬一發生火災，請走樓梯。
channel,n.,頻道/海峽,Switch to the news channel.,轉到新聞頻道。
channel,n.,途徑/管道,Complaints should go through proper channels.,投訴應透過適當管道。
channel,n.,頻道/海峽,Switch to the news channel.,轉到新聞頻道。
channel,n.,管道/途徑,Complaints should go through proper channels.,投訴應透過適當管道。
channel,v.,引導/集中,She channeled her energy into her work.,她將精力集中在工作上。
channel,v.,引導/集中 (精力、金錢),She channeled all her energy into her career.,她將所有精力都投入到事業中。
character,n.,性格/品質,He has a strong character.,他性格堅強。
character,n.,角色,Who is your favorite character in the movie?,你最喜歡電影裡的哪個角色？
character,n.,文字/字符,Chinese characters are hard to learn.,漢字很難學。
charge,n.,費用,There's no extra charge.,沒有額外費用。
charge,n.,指控,He faced a murder charge.,他面臨謀殺指控。
charge,n.,負責人,She is in charge.,她負責。
charge,v.,收費,They charge $10 for entry.,他們收費10美元入場。
charge,v.,充電,Charge your phone.,幫手機充電。
check,n.,支票,He paid the bill by check.,他用支票支付帳單。
check,n.,帳單 (美式),"Could we have the check, please?",麻煩請給我們帳單好嗎？
check,v.,檢查,Check your work before submitting it.,提交前檢查你的工作。
chest,n.,胸部,He has a broad chest.,他有寬闊的胸膛。
chest,n.,箱子/櫃子,a treasure chest,一個寶藏箱。
club,n.,俱樂部/社團,Join the school's chess club.,加入學校的西洋棋社團。
club,n.,棍棒,The caveman carried a large club.,穴居人拿著一根大棍棒。
club,n.,梅花 (撲克牌),I have the ace of clubs.,我有一張梅花 A。
coach,n.,教練,The coach gave the team a pep talk.,教練給球隊做了鼓舞士氣的講話。
coach,n.,長途巴士/車廂,We traveled across Europe by coach.,我們搭乘長途巴士穿越歐洲。
coach,v.,輔導/訓練,She coaches students for the TOEFL.,她輔導學生考托福。
coat,n.,外套/大衣,"Put on your coat, it's cold.",穿上外套，天氣冷。
coat,n.,(動物) 皮毛,The dog has a thick winter coat.,這隻狗有厚實的冬毛。
coat,n.,(油漆等) 一層,The wall needs another coat of paint.,這面牆需要再刷一層漆。
coat,v.,覆蓋/塗上一層,Coat the fish with flour before frying.,油炸前在魚上裹一層麵粉。
commit,v.,犯（罪）,He committed a crime.,他犯了罪。
commit,v.,承諾,She committed herself to the cause.,她對這項事業作出承諾。
commit,v.,撥出,Commit resources to the project.,將資源撥給這個專案。
company,n.,公司,He started his own software company.,他創立了自己的軟體公司。
company,n.,陪伴/同伴,I enjoy your company.,我喜歡你的陪伴。
company,n.,客人 (不可數),We are expecting company for dinner.,我們正等著客人來吃晚餐。
compound,adj.,複合的,compound interest,複利
compound,n.,化合物,Water is a compound.,水是一種化合物。
compound,n.,複合體,The word is a compound of two parts.,這個詞由兩部分複合而成。
compound,v.,加劇,His mistake compounded the problem.,他的錯誤加劇了問題。
compromise,v.,損害/危及,Don't compromise your principles.,不要違背你的原則（使原則受損）。
compromise,v./n.,妥協/讓步,We should reach a compromise.,我們應該達成妥協。
conduct,n.,行為,His conduct was unacceptable.,他的行為不可接受。
conduct,v.,進行,They conducted an experiment.,他們進行了一項實驗。
conduct,v.,指揮（音樂）,He conducted the orchestra.,他指揮了管弦樂團。
conduct,v.,引導,The guide conducted us through the museum.,導遊帶我們參觀博物館。
content,adj.,滿足的,She is content with her life.,她對自己的生活感到滿足。
content,n.,內容（常複數）,The content of the book is interesting.,這本書的內容很有趣。
content,n.,容量（液體）,water content,含水量。
contract,n.,合約,Sign the contract.,簽署合約。
contract,v.,收縮,Metal contracts when cooled.,金屬遇冷收縮。
contract,v.,感染,He contracted a rare disease.,他感染了一種罕見疾病。
court,n.,法院,The court found him guilty.,法院判他有罪。
court,n.,球場,They played on the basketball court.,他們在籃球場打球。
court,v.,追求/招致,He courted controversy.,他刻意招致爭議。
cricket,n.,蟋蟀,The cricket chirped at night.,蟋蟀在夜裡鳴叫。
cricket,n.,板球運動,They play cricket in England.,他們在英國打板球。
critical,adj.,批評的,She is very critical of the plan.,她對這項計劃非常挑剔。
critical,adj.,至關重要的,This is a critical moment for us.,這對我們來說是個關鍵時刻。
critical,adj.,評論性的/嚴謹的,We need to develop critical thinking.,我們需要培養批判性思維。
culture,n.,文化,I love learning about different cultures.,我喜歡學習不同的文化。
culture,n.,(細菌) 培養,The lab is testing a throat culture.,實驗室正在進行喉部細菌培養。
current,adj.,現行的/目前的,What is your current address?,你目前的地址在哪裡？
current,n.,水流/氣流/電流,The ocean current is very strong.,洋流非常強勁。
custom,adj.,訂製的,He wears custom suits.,他穿著訂製的西裝。
custom,n.,習俗/慣例,It's a local custom to wear white.,穿白色是當地的習俗。
custom,n.,海關 (常用複數),You have to go through customs.,你必須過海關。
date,n.,日期,What's the date today?,今天幾號？
date,n.,約會,I have a date tonight.,我今晚有個約會。
date,n.,椰棗,Dates are sweet.,椰棗很甜。
date,v.,約會,They have been dating for a year.,他們交往一年了。
deal,n.,交易/協議,We made a deal to share the profits.,我們達成協議分享利潤。
deal,n.,數量 (a great deal),A great deal of time was wasted.,浪費了大量的時間。
deal,v.,處理,I don't know how to deal with this.,我不知道該如何處理這件事。
degree,n.,度數/程度,The temperature dropped by 10 degrees.,溫度下降了 10 度。
degree,n.,學位,She has a master's degree in physics.,她擁有物理學碩士學位。
deposit,n.,存款,I made a large deposit.,我存了一大筆錢。
deposit,n.,訂金,Leave a deposit to secure the room.,付訂金保留房間。
deposit,n.,沉積物,A layer of sand deposit.,一層沙子沉積物。
deposit,v.,存放,Deposit the money in the bank.,把錢存入銀行。
desert,n.,沙漠,The Sahara is a vast desert.,撒哈拉是一片廣闊的沙漠。
desert,v.,拋棄,He deserted his family.,他拋棄了他的家人。
desert,v.,擅離（職守）,He deserted the army.,他逃離了軍隊。
diamond,n.,鑽石,She wore a diamond ring.,她戴著鑽石戒指。
diamond,n.,方塊 (撲克牌),I have the king of diamonds.,我有一張方塊 K。
diamond,n.,棒球場/菱形,The players are on the diamond.,球員們正在棒球場上。
discriminate,v.,區別,He cannot discriminate colors.,他無法分辨顏色。
discriminate,v.,歧視,It is illegal to discriminate based on race.,種族歧視是違法的。
draft,n.,草稿,The first draft of the essay.,文章的第一版草稿。
draft,n.,徵兵,He was called up in the draft.,他被徵兵了。
draft,v.,起草,Draft a contract.,起草合約。
draft,v.,徵召,He was drafted into the army.,他被徵召入伍。
draw,n.,平局,The game ended in a draw.,比賽以平局結束。
draw,v.,畫,She drew a picture.,她畫了一幅畫。
draw,v.,拉動,Draw the curtain.,拉上窗簾。
draw,v.,吸引,The event drew a large crowd.,這活動吸引了很多人。
draw,v.,得出（結論）,draw a conclusion,得出結論。
drink,n.,飲料,May I offer you a cold drink?,我可以給你一杯冷飲嗎？
drink,n.,酒/酒精飲料,Let's go out for a drink.,我們去喝一杯（酒）吧。
drink,v.,喝 (液體),Drink plenty of water every day.,每天喝充足的水。
drink,v.,喝酒,He doesn't drink when he drives.,他開車時不喝酒。
drink,v.,舉杯祝酒,Let us drink to the bride and groom.,讓我們為新娘新郎乾杯。
duck,n.,鴨子,The duck swam across the pond.,鴨子游過池塘。
duck,n.,零分（板球）,He was out for a duck.,他得了零分出局。
duck,v.,迅速低頭躲閃,He ducked to avoid the ball.,他迅速低頭躲開球。
duck,v.,逃避（責任）,He ducked his responsibility.,他逃避了責任。
elaborate,adj.,複雜的,an elaborate plan,一個複雜的計劃
elaborate,v.,詳細說明,Please elaborate on your idea.,請詳細說明你的想法。
elbow,n.,手肘,He hurt his elbow.,他傷了手肘。
elbow,v.,用肘推擠,He elbowed his way through the crowd.,他用肘推擠穿過人群。
embrace,v.,擁抱,They embraced each other.,他們互相擁抱。
embrace,v.,欣然接受,She embraced the new challenge.,她欣然接受新挑戰。
embrace,v.,包含,The course embraces many topics.,這門課程包含許多主題。
engage,v.,從事於,She engaged in research.,她從事研究工作。
engage,v.,雇用,They engaged a new lawyer.,他們雇用了一位新律師。
engage,v.,吸引,The story engaged my interest.,這個故事引起了我的興趣。
engage,v.,與……交戰,The army engaged the enemy.,軍隊與敵人交戰。
enterprise,n.,企業,a large enterprise,一家大型企業
enterprise,n.,事業心,He showed great enterprise.,他表現出極大的進取心。
enterprise,n.,冒險事業,a risky enterprise,一個冒險的事業
essential,adj.,必要的,Water is essential for life.,水對生命是必要的。
essential,adj.,本質的,The essential difference is clear.,本質上的差異很清楚。
essential,n.,必需品,We packed the essentials.,我們打包了必需品。
even,adj.,平坦的,The floor is even.,地板是平的。
even,adj.,相等的,The score is even.,分數相等。
even,adv.,甚至,He even laughed.,他甚至笑了。
even,v.,使平整,Even the surface with a tool.,用工具把表面弄平。
evident,adj.,明顯的,It is evident that he is happy.,很明顯他很快樂。
evident,adj.,顯然的,for no evident reason,沒有明顯的原因
execute,v.,執行,Execute the plan.,執行這個計劃。
execute,v.,處決,The prisoner was executed.,囚犯被處決了。
execute,v.,製作,He executed a painting.,他畫了一幅畫。
exercise,n.,運動,Exercise is good for health.,運動有益健康。
exercise,n.,練習,Do the grammar exercise.,做文法練習。
exercise,v.,行使,Exercise your rights.,行使你的權利。
explode,v.,爆炸,The bomb exploded.,炸彈爆炸了。
explode,v.,激增,The population exploded.,人口激增。
explode,v.,勃然大怒,He exploded with anger.,他勃然大怒。
exploit,n.,英勇事蹟,His exploits were famous.,他的英勇事蹟很有名。
exploit,v.,剝削,The company exploited workers.,公司剝削工人。
exploit,v.,利用,We should exploit natural resources.,我們應該開發自然資源。
explore,v.,探險,They explored the cave.,他們探索了那個洞穴。
explore,v.,探討,We need to explore all options.,我們需要探討所有選項。
express,adj.,快速的/快遞的,This is an express train to London.,這是前往倫敦的快車。
express,n.,快遞,Send the package by express.,用快遞寄送這個包裹。
express,v.,表達,I find it hard to express my feelings.,我覺得很難表達我的感受。
extend,v.,延伸,The road extends for miles.,這條路延伸數英里。
extend,v.,延長,They extended the deadline.,他們延長了截止日期。
extend,v.,提供,He extended his help.,他提供了幫助。
eye,n.,眼睛,She has blue eyes.,她有藍眼睛。
eye,n.,針眼,the eye of a needle,針眼。
eye,v.,注視,He eyed her suspiciously.,他懷疑地注視著她。
face,n.,臉,She has a pretty face.,她有張漂亮的臉。
face,v.,面對,We face many challenges.,我們面臨許多挑戰。
face,v.,朝（某方向）,The house faces south.,這棟房子朝南。
fair,adj.,公平的,That's not fair!,那不公平！
fair,adj.,白皙的/美麗的,She has fair skin.,她有白皙的皮膚。
fair,adj.,晴朗的,Fair weather is expected.,預計天氣晴朗。
fair,adj.,相當好的,He has a fair chance of winning.,他相當有機會獲勝。
fair,n.,展覽會/市集,We went to a book fair.,我們去了一個書展。
fan,n.,風扇/扇子,Turn on the electric fan.,打開電風扇。
fan,n.,狂熱者/迷,I am a big fan of this singer.,我是這位歌手的超級歌迷。
fan,v.,扇動/激起,She fanned the flames of the fire.,她煽風點火（激起火勢）。
fast,adj.,快的,He is a fast runner.,他是個跑得很快的人。
fast,adj.,穩固的/緊的,He is fast asleep.,他正熟睡著（睡得很穩）。
fast,adv.,快地,Don't drive so fast.,不要開得那麼快。
fast,n.,斷食期,He broke his fast with a light meal.,他用一頓簡餐結束了斷食。
fast,v.,斷食/齋戒,They fasted for religious reasons.,他們因為宗教原因而斷食。
feature,n.,特徵,Her eyes are her best feature.,她的眼睛是她最美的特徵。
feature,v.,以……為特色,The film features a famous actor.,這部電影由一位知名演員主演。
fence,n.,柵欄,The fence surrounds the garden.,柵欄圍繞著花園。
fence,n.,贓物買賣者（俚語）,He is a fence for stolen goods.,他是收贓者。
fence,v.,擊劍,He fences at the club.,他在俱樂部擊劍。
fence,v.,辯論/搪塞,He fenced with the reporters.,他與記者們巧妙周旋。
figure,n.,數字,The figure is 100.,數字是100。
figure,n.,人物,He is a public figure.,他是公眾人物。
figure,n.,身材,She has a slim figure.,她身材苗條。
figure,v.,認為/計算,I figure you're right.,我認為你是對的。
figure,v.,出現,He figures in the story.,他在故事中出現。
file,n.,檔案,Please open the file.,請打開檔案。
file,n.,文件夾,a file of papers,一疊文件
file,n.,銼刀,Use a file to smooth the wood.,用銼刀把木頭磨平。
file,v.,歸檔,File the documents carefully.,把文件仔細歸檔。
file,v.,提出（申請/訴訟）,He filed a complaint.,他提出申訴。
fine,adj.,好的/精細的,The weather is fine.,天氣很好。
fine,adj.,細微的,There's a fine line between love and hate.,愛與恨只有一線之隔。
fine,adj.,細微的/精密的,There's a fine line between love and hate.,愛與恨之間只有一線之隔。
fine,n.,罰款,He paid a parking fine.,他付了停車罰款。
fine,v.,處以罰款,They fined him $100.,他們罰他100美元。
finger,n.,手指,She wore a ring on her finger.,她手指上戴了戒指。
finger,v.,用手指觸摸,He fingered the old photograph.,他用手指撫摸那張老照片。
finger,v.,指認（罪犯）,The victim fingered the suspect.,受害者指認了嫌疑人。
fire,n.,火/火災,There was a major fire in the city.,市中心發生了一場大火。
fire,v.,開火/射擊,The soldiers were ordered to fire.,士兵們接到開火的命令。
fire,v.,解僱/開除,He was fired for being late.,他因為遲到被開除了。
fire,v.,激起/激發 (熱情),The story fired her imagination.,這個故事激發了她的想像力。
firm,adj.,堅定的/堅硬,She has a firm belief in honesty.,她對誠實有堅定的信念。
firm,n.,公司,He works for a law firm.,他在一家律師事務所工作。
fist,n.,拳頭,He clenched his fist.,他握緊拳頭。
fist,v.,用拳頭打（罕用）,He fisted the door in anger.,他生氣地用拳頭砸門。
flat,adj.,平坦的,The countryside is very flat.,鄉間非常平坦。
flat,adj.,(輪胎) 洩氣的,I have a flat tire.,我的輪胎沒氣了。
flat,n.,公寓 (英式),He lives in a small flat.,他住在一間小公寓裡。
fly,adj.,時髦的/酷的（俚語）,He looks fly in that jacket.,他穿那件夾克看起來很潮。
fly,n.,蒼蠅,A fly landed on the table.,一隻蒼蠅停在桌上。
fly,n.,褲子拉鍊區（拉鍊門襟）,Your fly is open.,你的褲子拉鍊沒拉。
fly,v.,飛翔,Birds fly in the sky.,鳥兒在天空中飛翔。
fly,v.,駕駛飛機,He flies a plane.,他駕駛飛機。
fly,v.,快速移動,Time flies when you're having fun.,開心的時候時間過得很快。
foot,n.,腳,My foot is sore.,我的腳痛。
foot,n.,英尺,He is six feet tall.,他身高六英尺。
foot,v.,支付（帳單）,He footed the bill for dinner.,他支付了晚餐帳單。
form,n.,表格/形狀,Please fill out this application form.,請填寫這張申請表。
form,n.,形式/種類,Ice is a form of water.,冰是水的一種形式。
form,v.,形成/組成,A line began to form outside.,外面開始排起長隊（形成隊伍）。
foster,adj.,寄養的,a foster parent,寄養父母
foster,v.,培養,The teacher fosters creativity.,老師培養創造力。
foster,v.,收養,They fostered a child.,他們收養了一個孩子。
found,v.,建立/創辦,The university was founded in 1920.,這所大學創立於 1920 年。
found,v.,興建/使有基礎,His argument is founded on facts.,他的論點是以事實為基礎的。
found,v.,find的過去式/過去分詞,I found my lost keys under the sofa.,我在沙發下找到了失蹤的鑰匙。
found,v.,鑄造（金屬/玻璃）,The gate was made of founded iron.,這道大門是由鑄鐵製成的。
foundation,n.,地基,the foundation of a building,建築物的地基
foundation,n.,基礎,Respect is the foundation of friendship.,尊重是友誼的基礎。
foundation,n.,基金會,She works for a charity foundation.,她為一個慈善基金會工作。
function,n.,功能,The function of the heart is to pump blood.,心臟的功能是泵血。
function,n.,函數,This is a mathematical function.,這是一個數學函數。
function,v.,運作,The machine functions well.,這台機器運作良好。
generate,v.,產生,generate electricity,發電
generate,v.,引起,The news generated excitement.,這則新聞引起了興奮。
genuine,adj.,真誠的,She showed genuine concern.,她表現出真誠的關心。
genuine,adj.,真的,This is a genuine diamond.,這是一顆真鑽石。
go,n.,嘗試 (have a go),Let me have a go at it.,讓我來試試看。
go,v.,去/前往,Where are you going?,你要去哪裡？
go,v.,運行/進展,How's the project going?,專案進展如何？
go,v.,變成 (通常指變壞),The milk has gone sour.,牛奶變酸了。
grace,n.,優雅,She danced with grace.,她跳舞很優雅。
grace,n.,寬限期,The payment has a three-day grace period.,付款有三天的寬限期。
grace,v.,使增添光彩,The queen graced the event with her presence.,女王親臨使活動增光。
grant,n.,補助金,He received a research grant.,他獲得了一筆研究補助金。
grant,v.,授予,The school granted him a scholarship.,學校授予他獎學金。
grant,v.,承認,I grant that you are right.,我承認你是對的。
grave,adj.,嚴重的,This is a grave mistake.,這是一個嚴重的錯誤。
grave,adj.,莊嚴的,His face was grave.,他的表情莊嚴。
grave,n.,墳墓,He visited his mother's grave.,他去掃母親的墓。
gross,adj.,總共的/毛額的,"The gross income is $50,000.",總收入（毛利）是 5 萬美元。
gross,adj.,噁心的/粗魯的,That smell is really gross.,那味道真的很噁心。
ground,n.,地面,The ball hit the ground.,球擊中地面。
ground,n.,理由/根據,He retired on medical grounds.,他以健康理由退休。
ground,v.,使停飛,The plane was grounded.,飛機被停飛。
ground,v.,以……為基礎,His argument is grounded on facts.,他的論點以事實為基礎。
guarantee,n.,保證,The product comes with a guarantee.,這個產品有保證。
guarantee,v.,保證,I guarantee you will like it.,我保證你會喜歡。
hail,n.,冰雹,Hail damaged the crops.,冰雹損壞了作物。
hail,v.,歡呼,The crowd hailed the hero.,群眾向英雄歡呼。
hail,v.,下冰雹,It's hailing outside.,外面在下冰雹。
hail,v.,招呼,She hailed a taxi.,她招手叫了一輛計程車。
hand,n.,手,She raised her hand.,她舉起了手。
hand,n.,指針（時鐘）,The hour hand is slow.,時針慢了。
hand,n.,協助,He gave me a hand.,他幫了我一把。
hand,v.,遞交,Please hand me the book.,請把書遞給我。
hang,n.,訣竅 (get the hang of),You will soon get the hang of it.,你很快就會掌握其中的訣竅。
hang,v.,懸掛 (hang-hung-hung),Hang your coat on the hook.,把你的外套掛在掛鉤上。
hang,v.,絞刑 (hang-hanged-hanged),He was hanged for his crimes.,他因犯罪而被處以絞刑。
hang,v.,暫時無法決定/停滯,The decision is still hanging.,決定仍處於懸而未決的狀態。
harbor,n.,港口,The ship left the harbor.,船離開了港口。
harbor,v.,懷有（想法）,He harbors a grudge.,他心懷怨恨。
harbor,v.,窩藏,It is illegal to harbor a fugitive.,窩藏逃犯是違法的。
hard,adj.,困難的,This test is hard.,這次考試很難。
hard,adj.,硬的,The ground is hard.,地面很硬。
hard,adv.,努力地,Work hard!,努力工作！
hazard,n.,危險,Smoking is a health hazard.,吸煙對健康有害。
hazard,v.,冒險猜測,She hazarded a guess.,她大膽猜測了一下。
head,adj.,首要的,the head office,總公司。
head,n.,頭部,He nodded his head.,他點了點頭。
head,v.,帶領,She heads the department.,她領導這個部門。
head,v.,朝…方向前進,We are heading home.,我們正朝家前進。
heart,n.,心臟/內心,Exercise is good for your heart.,運動對心臟有好處。
heart,n.,紅心 (撲克牌),The Queen of hearts is missing.,紅心 Q 不見了。
heart,n.,核心/中心,We live in the heart of the city.,我們住在市中心。
heel,n.,腳後跟,My heel hurts.,我的腳後跟痛。
heel,n.,卑鄙小人（俚語）,You heel!,你這個混蛋！
heel,v.,緊跟（狗指令）,Heel! the owner commanded.,「跟上！」主人命令道。
hold,n.,抓握,Keep a tight hold on the rope.,緊緊抓住繩子。
hold,v.,握住,She held my hand.,她握住我的手。
hold,v.,舉辦,The city will hold a festival.,這個城市將舉辦一個節日。
hold,v.,容納,The room holds 50 people.,這個房間可容納50人。
hold,v.,持有（觀點）,I hold that view.,我持那種觀點。
host,n.,主人,The host welcomed the guests.,主人歡迎客人。
host,n.,寄主/宿主,The virus infects its host.,病毒感染其宿主。
host,v.,主辦,Tokyo hosted the Olympics.,東京主辦了奧運會。
house,n.,房子,They bought a new house.,他們買了一間新房子。
house,n.,機構/議院,the White House / the House of Commons,白宮 / 下議院
house,v.,提供住處,The building houses 200 families.,這棟建築給200個家庭提供住處。
house,v.,收藏/容納,The museum houses famous paintings.,這座博物館收藏著名畫作。
ignore,v.,忽視,He ignored my advice.,他忽視了我的建議。
ignore,v.,不顧,The driver ignored the red light.,司機不顧紅燈。
illustrate,v.,說明,The example illustrates the point.,這個例子說明了這一點。
illustrate,v.,加插圖,She illustrated the book.,她為這本書畫了插圖。
imply,v.,暗示,His silence implied agreement.,他的沉默暗示同意。
imply,v.,意味著,Freedom does not imply license.,自由並不意味著放縱。
impose,v.,強加,Don't impose your ideas on me.,不要把你的想法強加給我。
impose,v.,徵稅,The government imposed a tax.,政府徵收了一項稅。
incline,n.,斜坡,a steep incline,一個陡峭的斜坡
incline,v.,傾向,I incline to agree with you.,我傾向於同意你。
incline,v.,傾斜,The road inclines upward.,這條路向上傾斜。
indifferent,adj.,漠不關心的,He is indifferent to criticism.,他對批評漠不關心。
indifferent,adj.,一般的,an indifferent performance,一場平平的表演
induce,v.,勸誘,Nothing could induce him to come.,沒有什麼能勸他來。
induce,v.,引起,The drug induces sleep.,這種藥引起睡意。
induce,v.,誘導,induce labor in childbirth,在分娩中引產
indulge,v.,沉溺,He indulges in junk food.,他沉溺於垃圾食品。
indulge,v.,縱容,She indulges her children.,她縱容她的孩子。
infer,v.,推斷,I inferred from his words that he was angry.,我從他的話推斷他生氣了。
infer,v.,暗示（少用）,Your statement infers that I am wrong.,你的陳述暗示我錯了。
inherent,adj.,內在的,The risks are inherent in the job.,風險是這份工作本身固有的。
inherent,adj.,天生的,an inherent talent,天生的才能
initial,adj.,最初的,My initial reaction was surprise.,我最初的反應是驚訝。
initial,n.,首字母,His initials are J.P.,他的姓名首字母是J.P.。
initial,v.,簽姓名的首字母,Please initial each page.,請在每一頁簽上姓名首字母。
inspect,v.,檢查,Inspect the car before buying.,買車前檢查一下。
inspect,v.,視察,The general inspected the troops.,將軍視察了部隊。
instance,n.,例子,"For instance,take this case.",例如，拿這個案例來說。
instance,v.,舉例,He instanced the accident as proof.,他舉出這個事故作為證明。
intense,adj.,強烈的,intense heat,強烈的熱度
intense,adj.,緊張的,an intense look,緊張的表情
interest,n.,興趣,He has no interest in music.,他對音樂沒興趣。
interest,n.,利益/關心,It's in your own interest.,這符合你自己的利益。
interest,n.,利息,The bank pays 3% interest.,銀行支付3%利息。
interpret,v.,解釋,How do you interpret this poem?,你如何解釋這首詩？
interpret,v.,口譯,He interpreted for the ambassador.,他為大使擔任口譯。
intimate,adj.,親密的,an intimate friend,一位親密的朋友
intimate,adj.,私密的,intimate details,私密的細節
intimate,v.,暗示,He intimated that something was wrong.,他暗示出了問題。
invade,v.,入侵,The army invaded the country.,軍隊入侵了那個國家。
invade,v.,侵擾,Fans invaded the star's privacy.,粉絲侵犯了明星的隱私。
iron,adj.,堅強的/嚴酷的,He has an iron will.,他有鋼鐵般的意志。
iron,n.,鐵,The gate is made of iron.,大門是鐵做的。
iron,n.,熨斗,She pressed her shirt with an iron.,她用熨斗燙襯衫。
iron,v.,熨燙,He ironed his pants.,他熨燙了他的褲子。
isolate,v.,隔離,The patient was isolated.,病人被隔離了。
isolate,v.,分離,Isolate the variable in the equation.,在方程式中分離出變數。
issue,n.,問題,The issue is complex.,這個問題很複雜。
issue,n.,期號,the latest issue of the magazine,雜誌的最新一期
issue,v.,發布,The government issued a statement.,政府發布了一份聲明。
issue,v.,發出,He issued a warning.,他發出了警告。
jam,n.,果醬,She spread jam on toast.,她在吐司上抹了果醬。
jam,n.,交通堵塞,We were stuck in a traffic jam.,我們遇上了交通堵塞。
jam,v.,塞滿/卡住,The door jammed and wouldn't open.,門卡住了打不開。
jam,v.,擠入,He jammed his clothes into the bag.,他把衣服塞進袋子裡。
jam,v.,干擾（信號）,They jammed the radio signal.,他們干擾了無線電信號。
just,adj.,公正的,He is a just man.,他是個公正的人。
just,adv.,剛剛,I just arrived.,我剛到。
just,adv.,僅僅,It's just a joke.,只是個玩笑。
key,adj.,關鍵的,He played a key role.,他扮演了關鍵角色。
key,n.,鑰匙,I lost my house key.,我弄丟了家裡的鑰匙。
key,n.,音調（音樂）,a song in the key of C,一首C調的歌。
key,v.,用鍵盤輸入,She keyed the data into the computer.,她把數據輸入電腦。
kid,n.,小孩,The kids are playing outside.,孩子們在外面玩耍。
kid,n.,小山羊,The goat fed her kids.,母山羊餵養小羊。
kid,v.,開玩笑,Don't kid me!,別跟我開玩笑！
knee,n.,膝蓋,He fell and scraped his knee.,他摔倒擦傷了膝蓋。
knee,n.,膝蓋形狀的東西,The pipe has a knee.,這根管子有一個彎頭。
knee,v.,用膝蓋頂,He kneed his attacker.,他用膝蓋頂了攻擊者。
land,n.,土地/陸地,We finally reached land.,我們終於到達了陸地。
land,v.,著陸/降落,The plane landed safely.,飛機安全著陸。
land,v.,獲得 (工作/合約),She landed a dream job.,她獲得了一份理想的工作。
last,adj.,最後的,This is my last chance.,這是我最後的機會。
last,adv.,最後地,He spoke last.,他最後發言。
last,v.,持續,The movie lasts two hours.,電影持續兩小時。
lead,n.,領先地位,He took the lead.,他取得了領先。
lead,n.,鉛（金屬）,This pencil contains lead.,這支鉛筆含有鉛。
lead,v.,帶領,She led the team to victory.,她帶領團隊取得勝利。
lead,v.,導致,Smoking can lead to cancer.,吸菸可能導致癌症。
lean,adj.,瘦的,He is tall and lean.,他高而瘦。
lean,adj.,精簡的,The company is lean and efficient.,公司精簡有效率。
lean,v.,傾斜,Lean the ladder against the wall.,把梯子靠在牆上。
lean,v.,依靠/傾向,He leans toward liberal views.,他傾向自由派觀點。
left,adj.,左邊的,Turn left at the corner.,在轉角左轉。
left,n.,左派/左邊,The left supports the policy.,左派支持這項政策。
left,v.,留下/離開（leave過去式）,He left his phone at home.,他把手機留在家裡。
leg,n.,腿,She broke her leg.,她摔斷了腿。
leg,n.,一段旅程/賽程,the last leg of the trip,旅程的最後一段。
leg,n.,家具腿,the leg of a table,桌腿。
letter,adj.,文字上的,He followed the letter of the law.,他嚴格遵守法律條文。
letter,n.,信件,I received a letter today.,我今天收到一封信。
letter,n.,字母,The word has five letters.,這個詞有五個字母。
lie,n.,謊言,That's a lie.,那是個謊言。
lie,v.,躺臥,He lies on the bed.,他躺在床上。
lie,v.,說謊,Don't lie to me.,別對我說謊。
light,adj.,輕的,This bag is very light.,這個袋子很輕。
light,adj.,明亮的,The room is light and airy.,房間明亮通風。
light,n.,光,The light is too bright.,光線太亮了。
light,v.,點燃,He lit a candle.,他點了一根蠟燭。
line,n.,線條/繩索,Draw a straight line.,畫一條直線。
line,n.,行業/領域,What is your line of work?,你從事哪一行？
line,n.,排隊/隊伍,Wait in line for the bus.,排隊等公車。
line,n.,台詞,He forgot his lines on stage.,他在台上忘了台詞。
line,v.,沿著...排成一行,Trees line the river.,樹木沿著河岸排成一列。
lock,n.,鎖,The door has a strong lock.,這扇門有一個牢固的鎖。
lock,n.,一縷頭髮,She cut off a lock of hair.,她剪下了一縷頭髮。
lock,v.,鎖上,Lock the door.,鎖上門。
lock,v.,卡住/僵住,The wheels locked.,輪子卡住了。
lot,n.,許多 (a lot of),I have a lot of work to do.,我有很多工作要做。
lot,n.,(特定用途的) 地塊,This is a parking lot.,這是一個停車場。
lot,n.,命運/份兒,It is my lot in life.,這是我的命運。
lot,n.,拍賣物品/一批,This lot was sold for $500.,這批拍賣品以 500 美元售出。
match,n.,比賽,We won the match.,我們贏了比賽。
match,n.,火柴,He struck a match.,他劃了一根火柴。
match,v.,匹配,These socks don't match.,這些襪子不配對。
matter,n.,事情/問題,It's a personal matter.,這是個人的事情。
matter,n.,物質,Solid matter occupies space.,固體物質佔有空間。
matter,v.,重要,Every vote matters.,每一票都很重要。
mean,adj.,吝嗇的,He is mean with money.,他在錢上很吝嗇。
mean,adj.,刻薄的,She said a mean thing.,她說了刻薄的話。
mean,adj.,平均的,the mean temperature,平均溫度。
mean,n.,平均數,Calculate the mean.,計算平均數。
mean,v.,意思是,What does this word mean?,這個詞是什麼意思？
mean,v.,打算,I didn't mean to hurt you.,我不是故意要傷害你。
meet,n.,運動會/集會,She won the 100m at the track meet.,她在田徑運動會上贏得了 100 公尺冠軍。
meet,v.,見面/遇見,Nice to meet you.,很高興遇見你。
meet,v.,滿足 (需求/條件),We must meet the deadline.,我們必須趕上截止日期。
mine,n.,礦場,He works in a coal mine.,他在煤礦工作。
mine,n.,地雷,The road is full of mines.,路上滿是地雷。
mine,pron.,我的,That book is mine.,那本書是我的。
mine,v.,採礦,They mine gold there.,他們在那裡開採黃金。
minute,adj.,微小的,There are minute differences.,有微小的差異。
minute,n.,分鐘,Wait a minute.,等一分鐘。
minute,n.,會議記錄（複數）,The secretary took the minutes.,秘書做了會議記錄。
Miss,n.,小姐（稱呼）,"Good morning,Miss Smith.","早安,史密斯小姐。"
miss,v.,想念,I miss you.,我想你。
miss,v.,錯過,He missed the bus.,他錯過了公車。
monitor,n.,監視器/螢幕,Check the information on the monitor.,查看顯示器上的信息。
monitor,v.,監控/監測,Scientists monitor the air quality.,科學家監控空氣品質。
mouth,n.,嘴巴,Open your mouth.,張開你的嘴巴。
mouth,n.,河口,the mouth of the river,河口。
mouth,v.,不出聲地說,He mouthed the words silently.,他無聲地用嘴型說出這些字。
nail,n.,指甲,She painted her nails.,她塗了指甲。
nail,n.,釘子,He hammered a nail into the wall.,他把釘子敲進牆裡。
nail,v.,釘住,Nail the board to the wall.,把木板釘在牆上。
nail,v.,成功完成（非正式）,He nailed the test.,他考試考得很好。
nail,v.,抓住（罪犯）,The police nailed the thief.,警察抓住了小偷。
nature,n.,大自然,We must protect the nature.,我們必須保護大自然。
nature,n.,天性/本質,It is in his nature to be kind.,善良是他的本性。
neck,n.,脖子,She wore a necklace around her neck.,她脖子上戴了項鍊。
neck,n.,瓶頸/頸部,the neck of a bottle,瓶頸。
neck,v.,摟脖子親吻（口語）,They were necking in the car.,他們在車裡摟著親熱。
nose,n.,鼻子,His nose is bleeding.,他的鼻子在流血。
nose,v.,小心翼翼地前進,The car nosed into the traffic.,汽車小心翼翼地駛入車流。
nose,v.,窺探,He nosed around the room.,他在房間裡到處窺探。
note,n.,筆記/音符/紙鈔,He took notes during the lecture.,他在講座中做筆記。
note,v.,注意/記錄,Please note that the office is closed.,請注意辦公室已關閉。
notice,n.,通知/佈告,I saw a notice on the wall.,我看到牆上有個佈告。
notice,v.,注意到,Did you notice her new haircut?,你注意到她剪新髮型了嗎？
novel,adj.,新穎的,That's a novel idea.,那是個新穎的想法。
novel,n.,小說,He wrote a novel.,他寫了一本小說。
object,n.,物體,A strange object appeared in the sky.,一個奇怪的物體出現在天空中。
object,n.,目標/目的,The object of the game is to score points.,遊戲的目標是得分。
object,v.,反對,Many people objected to the new law.,許多人反對這項新法律。
obscure,adj.,模糊的,The meaning is obscure.,意思很模糊。
obscure,adj.,不知名的,an obscure poet,一位不知名的詩人
obscure,v.,掩蓋,Fog obscured the view.,霧遮住了視野。
order,n.,順序,Put them in order.,把它們按順序排好。
order,n.,命令,The general gave an order.,將軍下了命令。
order,v.,點餐,I ordered a pizza.,我點了一份披薩。
order,v.,命令,The judge ordered silence.,法官命令肅靜。
palm,n.,手掌,He held the coin in his palm.,他把硬幣握在手掌心。
palm,n.,棕櫚樹,a palm tree,一棵棕櫚樹。
palm,v.,把…藏在手掌中,The magician palmed the card.,魔術師把牌藏在手掌中。
panel,n.,嵌板/面板,He replaced a wooden panel on the wall.,他更換了牆上的一塊木板。
panel,n.,專家小組/評審團,A panel of experts will judge the contest.,專家小組將對比賽進行評審。
panel,n.,儀表板,Check the readings on the control panel.,檢查控制面板上的讀數。
parallel,adj.,平行的,The two lines are parallel.,這兩條線是平行的。
parallel,n.,相似之處/對比,There are parallels between the two cases.,這兩個案例之間有相似之處。
parallel,v.,與...媲美/比得上,Her achievements are paralleled by few.,很少有人能比得上她的成就。
park,n.,公園,Let's go to the park.,我們去公園吧。
park,v.,停車,Where can I park my car?,我在哪裡可以停車？
park,v.,寄放/擱置,Park your bags here.,把你的包寄放在這裡。
patient,adj.,有耐心的,You need to be patient with children.,你對孩子需要有耐心。
patient,n.,病人,The doctor is seeing a patient.,醫生正在看病人。
peak,n.,山峰/頂點,The mountain peak is covered in snow.,山峰被積雪覆蓋。
peak,n.,高峰期,Traffic is heavy during peak hours.,尖峰時段交通繁忙。
peak,v.,達到巔峰,His career peaked in the 1990s.,他的職業生涯在 90 年代達到巔峰。
pen,n.,鋼筆,She writes with a pen.,她用鋼筆寫字。
pen,n.,圍欄/圈,The sheep are in the pen.,羊在圍欄裡。
pen,v.,把…關入圈中,He penned the cattle.,他把牛關進圈裡。
pen,v.,撰寫,He penned a letter.,他寫了一封信。
perspective,n.,觀點/看法,Try to see it from a different perspective.,試著從不同的角度來看。
perspective,n.,透視法,This artist uses perspective perfectly.,這位藝術家完美地運用了透視法。
pick,n.,選擇,Take your pick.,你自己選吧。
pick,n.,鋤頭,a pick and shovel,一把鎬和鏟子。
pick,v.,挑選,Pick a card.,選一張牌。
pick,v.,採摘,pick apples,摘蘋果。
pick,v.,拾起,She picked up the pen.,她撿起筆。
pick,v.,學習（非正式）,He picked up French in Paris.,他在巴黎學會了法文。
pitcher,n.,投手（棒球）,The pitcher threw a fastball.,投手投了一個快速球。
pitcher,n.,水壺/罐子,She filled the pitcher with water.,她往水壺裡裝滿水。
plant,n.,植物,I bought a new house plant.,我買了一盆新的室內植物。
plant,n.,工廠/發電廠,They work at a nuclear power plant.,他們在核能發電廠工作。
plant,v.,種植,We planted some trees in the garden.,我們在花園裡種了一些樹。
plant,v.,安置/埋伏 (監聽器或炸彈),He planted a secret microphone in the room.,他在房間裡安置了一個秘密竊聽器。
play,n.,戲劇,I saw a play on Broadway.,我在百老匯看了一齣戲。
play,n.,比賽中的動作,The rain stopped play.,下雨中斷了比賽。
play,v.,玩耍,Children play in the park.,孩子們在公園玩耍。
play,v.,演奏,He plays the piano.,他彈鋼琴。
play,v.,扮演,She played Hamlet.,她扮演哈姆雷特。
plot,n.,情節,The movie has a confusing plot.,這部電影情節混亂。
plot,n.,陰謀,They uncovered a plot.,他們發現了一個陰謀。
plot,n.,一小塊土地,He bought a plot of land.,他買了一小塊土地。
plot,v.,密謀,They plotted against the government.,他們密謀反對政府。
plot,v.,標繪,Plot the points on a graph.,在圖表上標繪出這些點。
point,n.,尖端/點,The point of a pencil.,鉛筆尖。
point,n.,重點/意義,I don't see the point of this.,我看不出這有什麼意義（重點）。
point,n.,分數/點數,They won by two points.,他們以兩分之差獲勝。
point,v.,指向/指著,Don't point your finger at me.,不要用手指指著我。
pool,n.,游泳池/水池,Let's go for a swim in the pool.,我們去游泳池游泳吧。
pool,n.,(人才/資源) 儲備庫,We have a large pool of talented applicants.,我們有大量的人才儲備。
pool,v.,集中資源/共同負擔,They pooled their savings to buy a car.,他們集資買了一輛車。
present,adj.,現在的,His present job is good.,他目前的工作不錯。
present,n.,禮物,Here is a birthday present.,這是生日禮物。
present,v.,呈現/介紹,May I present my friend?,我可以介紹我的朋友嗎？
preserve,n.,專屬領域,Hunting is a male preserve.,狩獵是男性的專屬領域。
preserve,n.,保護區,a nature preserve,自然保護區
preserve,v.,保護,We must preserve the forest.,我們必須保護森林。
preserve,v.,保存,Fish are preserved in salt.,魚用鹽醃製保存。
press,n.,新聞媒體,The press reported the story.,新聞媒體報導了這個故事。
press,n.,印刷機,The book is off the press.,這本書已下印刷機。
press,v.,按壓,Press the button.,按下按鈕。
press,v.,催促,She pressed him for an answer.,她催促他回答。
principal,adj.,主要的,The principal reason is cost.,主要原因是成本。
principal,n.,校長,The principal greeted the students.,校長向學生問好。
principal,n.,本金（金融）,You will earn interest on the principal.,你將獲得本金的利息。
produce,n.,農產品 (重音在前),You can buy fresh produce here.,你可以在這裡買到新鮮農產品。
produce,v.,生產/製造,They produce cars in this factory.,他們在這間工廠生產汽車。
project,n.,專案/計畫,We are working on a science project.,我們正在進行一個科學專案。
project,v.,投射,The image is projected onto a screen.,影像被投射到螢幕上。
project,v.,預測,The company projects a 10% growth.,公司預測10%的成長。
project,v.,展現（特質）,He projects confidence.,他展現出自信。
propose,v.,提議,I propose a new plan.,我提出一個新計劃。
propose,v.,求婚,He proposed to her last night.,他昨晚向她求婚了。
propose,v.,打算（正式）,We propose to leave at noon.,我們打算中午離開。
punch,n.,拳打,He threw a punch.,他揮了一拳。
punch,n.,打孔機,Use a punch to make a hole.,用打孔機打孔。
punch,n.,潘趣酒（飲料）,They served fruit punch.,他們供應水果潘趣酒。
punch,v.,用拳頭打,He punched the wall.,他用拳頭打牆。
punch,v.,打孔,Punch a hole in the paper.,在紙上打個洞。
race,n.,比賽,He won the 100-meter race.,他贏了100公尺賽跑。
race,n.,種族,People of all races are equal.,所有種族的人都平等。
race,v.,競速,They raced to the finish line.,他們向終點線衝刺。
race,v.,快速運轉,His heart raced with excitement.,他的心因興奮而快速跳動。
range,n.,範圍,The price range is between $10 and $20.,價格範圍在 10 到 20 美元之間。
range,n.,山脈,We hiked across the mountain range.,我們徒步穿越了那座山脈。
range,v.,(在範圍內) 變動,Temperatures range from 15 to 25 degrees.,溫度在 15 到 25 度之間波動。
record,n.,紀錄/唱片,She broke the world record.,她打破了世界紀錄。
record,n.,經歷/履歷,He has a clean driving record.,他有良好的駕駛記錄。
record,v.,記錄/錄音,The meeting was recorded.,會議被記錄/錄音下來了。
refuse,n.,垃圾/廢棄物,The truck collects refuse.,卡車收集垃圾。
refuse,v.,拒絕,She refused to answer.,她拒絕回答。
render,v.,使成為,The shock rendered him speechless.,震驚使他說不出話。
render,v.,提供,The committee will render a decision.,委員會將做出決定。
render,v.,表演,She rendered the song beautifully.,她美妙地演繹了這首歌。
reserve,n.,儲備物,oil reserves,石油儲備
reserve,n.,拘謹,He spoke with reserve.,他說話很拘謹。
reserve,v.,預訂,I reserved a table.,我預訂了一張桌子。
reserve,v.,保留,All rights reserved.,版權所有。
resume,n.,履歷,Please send your resume to us.,請將你的履歷寄給我們。
resume,v.,重新開始,We will resume work after lunch.,我們午餐後將恢復工作。
right,adj.,正確的,You are right.,你是對的。
right,adj.,右邊的,My right foot hurts.,我的右腳痛。
right,adv.,恰好/直接,He sat right next to me.,他就坐在我旁邊。
right,n.,權利,Everyone has rights.,每個人都有權利。
ring,n.,戒指,She wore a gold ring.,她戴著金戒指。
ring,n.,鈴聲,I heard a ring at the door.,我聽到門鈴聲。
ring,v.,打電話,I'll ring you tomorrow.,我明天打給你。
ring,v.,環繞,Fog rings the mountain.,霧環繞著山。
rock,n.,岩石,The road is blocked by rocks.,路被岩石擋住了。
rock,n.,搖滾樂,He loves rock music.,他喜歡搖滾樂。
rock,v.,搖動,She rocked the baby to sleep.,她搖晃寶寶入睡。
round,adj.,圓形的,The table is round.,這張桌子是圓的。
round,n.,一輪/回合,We won the first round of the game.,我們贏了比賽的第一回合。
round,n.,(社交) 一輪飲料,It’s my round to buy drinks.,這一輪飲料該我請客了。
round,n.,(子彈) 一發/一輪,He fired several rounds into the air.,他向空中開了幾槍（幾發子彈）。
round,prep.,圍繞/環繞,They sat round the fire.,他們圍著火堆坐著。
round,v.,繞過/轉過,The car rounded the corner.,汽車轉過轉角。
round,v.,四捨五入 (常用 round up/down),Round 4.8 up to 5.,將 4.8 四捨五入到 5。
ruler,n.,統治者,The king was a wise ruler.,國王是位英明的統治者。
ruler,n.,尺子,Measure the line with a ruler.,用尺子測量這條線。
run,n.,一段期間/系列,The play had a long run.,這齣戲連演了很久。
run,n.,趨勢/走向,the run of events,事件的發展趨勢。
run,v.,跑步,I run every morning.,我每天早上跑步。
run,v.,經營,She runs a small shop.,她經營一家小店。
safe,adj.,安全的,Is it safe to swim here?,在這裡游泳安全嗎？
safe,n.,保險箱,Keep your valuables in the safe.,把你的貴重物品放在保險箱裡。
saw,n.,鋸子,He cut the wood with a saw.,他用鋸子鋸木頭。
saw,v.,鋸開,He sawed the log in half.,他把木頭鋸成兩半。
saw,v.,see的過去式,I saw a movie yesterday.,我昨天看了一部電影。
scale,n.,規模,The damage was on a large scale.,損害規模很大。
scale,n.,刻度,The scale on the map is 1:1000.,地圖上的比例尺是1:1000。
scale,n.,魚鱗,The fish has shiny scales.,這條魚有發亮的鱗片。
scale,v.,攀登,He scaled the wall.,他爬上了牆。
seal,n.,海豹,The seal swam in the ocean.,海豹在海裡游泳。
seal,n.,印章/封條,He put a wax seal on the letter.,他在信上蓋了蠟封。
seal,v.,封閉,Seal the envelope.,封上信封。
seal,v.,確定/保證,The victory sealed their championship.,這場勝利確定了他們的冠軍。
season,n.,季節,Summer is my favorite season.,夏天是我最喜歡的季節。
season,v.,調味,Season the soup with salt.,用鹽給湯調味。
season,v.,使適應,He is a seasoned traveler.,他是位經驗豐富的旅行者。
seat,n.,座位,Please take a seat.,請坐。
seat,v.,可容納,The hall seats 500 people.,這個大廳可容納500人。
seat,v.,使就座,He seated himself near the window.,他在窗邊坐下。
secure,adj.,安全的,The building is secure.,這棟建築很安全。
secure,v.,獲得,He secured a loan.,他獲得了一筆貸款。
secure,v.,繫牢,Secure the rope.,把繩子繫牢。
sentence,n.,句子,Write a sentence.,寫一個句子。
sentence,n.,刑期,He served a five-year sentence.,他服了五年刑期。
sentence,v.,判刑,The judge sentenced him to prison.,法官判他入獄。
serve,v.,服務,She serves customers.,她服務顧客。
serve,v.,供應（食物）,Breakfast is served from 7 AM.,早餐從早上七點開始供應。
serve,v.,擔任,He served as manager.,他擔任經理。
serve,v.,服刑,He served five years in prison.,他在監獄服刑五年。
serve,v.,發球（網球）,It's your turn to serve.,輪到你發球了。
set,n.,一套,a set of tools,一套工具。
set,n.,場景（戲劇/電影）,The movie was filmed on a set.,這部電影在片場拍攝。
set,v.,放置,Set the cup on the table.,把杯子放在桌上。
set,v.,設定,Set the alarm for 7 AM.,把鬧鐘設在早上七點。
set,v.,凝固,The concrete set overnight.,混凝土一夜之間凝固了。
shoulder,n.,肩膀,He carried a bag on his shoulder.,他肩上背了一個袋子。
shoulder,v.,承擔,She shouldered the responsibility.,她承擔了責任。
shoulder,v.,用肩膀推擠,He shouldered his way through.,他用肩膀擠了過去。
sign,n.,跡象/標誌,There is no sign of life.,沒有生命的跡象。
sign,v.,簽名/簽署,Please sign your name here.,請在這裡簽名。
sink,n.,水槽,Wash your hands in the sink.,在水槽裡洗手。
sink,v.,下沉,The ship sank.,船沉了。
sink,v.,下降,His spirits sank.,他的情緒低落。
sink,v.,投入資金,He sank all his money into the business.,他把所有錢都投入了生意。
skip,n.,跳躍,He gave a little skip.,他輕輕一跳。
skip,v.,跳過,She skipped over the details.,她跳過了細節。
skip,v.,跳繩,The children are skipping.,孩子們在跳繩。
skip,v.,不參加,He skipped class.,他翹課了。
solution,n.,解決方法,We need a solution to the problem.,我們需要一個解決問題的方法。
solution,n.,溶液,The salt dissolves in the solution.,鹽溶解在溶液中。
sophisticated,adj.,精密的,sophisticated technology,精密的技術
sophisticated,adj.,世故的,She is sophisticated for her age.,以她的年齡來說她很世故。
sound,adj.,健康的/堅固的,He has a sound mind.,他心智健全。
sound,n.,聲音,I heard a strange sound.,我聽到一個奇怪的聲音。
sound,v.,聽起來,That sounds good.,那聽起來不錯。
sound,v.,測量深度,Sound the ocean floor.,測量海底深度。
spade,n.,黑桃 (撲克牌),The Ace of spades is the highest card.,黑桃 A 是最大的牌。
spade,n.,鏟子/鍬,He used a spade to dig a hole.,他用鏟子挖了一個洞。
spend,v.,花費 (金錢/時間),I spent $50 on this book.,我花了 50 美元買這本書。
spend,v.,消耗/用盡,The force of the storm was spent.,風暴的力量已經耗盡。
spring,n.,春天,I love the flowers in spring.,我喜歡春天的花朵。
spring,n.,彈簧,The spring is broken.,這個彈簧壞了。
spring,n.,泉水,This is a hot spring.,這是個溫泉。
spring,v.,跳躍,The cat sprang onto the table.,貓跳上了桌子。
square,adj.,公正的/直角的,We need a square deal.,我們需要一場公平的交易。
square,n.,正方形,A square has four equal sides.,正方形有四條相等的邊。
square,n.,廣場,Let's meet at the town square.,我們在城鎮廣場見面吧。
square,v.,平方/結清,Four squared is sixteen.,4 的平方是 16。
stable,adj.,穩定的,The patient is in stable condition.,病人情況穩定。
stable,n.,馬廄,The horses are in the stable.,馬在馬廄裡。
stable,v.,把…關進馬廄,They stable their horses there.,他們把馬養在那裡。
staff,n.,全體員工,The staff are very helpful.,員工們非常樂於助人。
staff,n.,棍棒/拐杖,He leaned on his staff.,他倚靠著拐杖。
staff,v.,配備員工,The office is staffed by 10 people.,辦公室配備了10名員工。
stand,n.,攤位,a hot dog stand,一個熱狗攤。
stand,n.,立場,take a stand on an issue,在某議題上表明立場。
stand,v.,站立,Stand by the door.,站在門邊。
stand,v.,忍受,I can't stand the noise.,我無法忍受噪音。
stand,v.,處於某種狀態,He stands accused of lying.,他被指責說謊。
staple,adj.,主要的/基本的,This is a staple feature of the app.,這是該應用程式的主要功能。
staple,n.,訂書釘,Put a staple in these papers.,在這些文件上打個訂書釘。
staple,n.,主食/主要產品,Rice is a staple food in Asia.,稻米是亞洲的主食。
state,n.,州,Texas is a big state.,德州是個大州。
state,n.,狀態,Water in a liquid state.,液態的水。
state,v.,陳述,He stated his opinion.,他陳述了自己的意見。
stem,n.,莖,The rose has a long stem.,這朵玫瑰的莖很長。
stem,v.,起源,The problem stems from a mistake.,問題源於一個錯誤。
stem,v.,阻止,We must stem the tide of fake news.,我們必須阻止假新聞蔓延。
still,adj.,靜止的,The water was still.,水面平靜無波。
still,adv.,仍然,He is still sleeping.,他還在睡覺。
still,conj.,然而,"It's raining; still,I'll go.  ",下雨了，然而我還是會去。
still,n.,靜止照片,stills from a movie,電影的靜止畫面。
stock,n.,股票/股份,The company's stock price rose.,該公司的股價上漲了。
stock,n.,庫存/存貨,We have the item in stock.,我們這件物品有現貨（庫存）。
stock,n.,高湯,Beef stock is used for the soup.,牛肉高湯用來煮湯。
stop,n.,車站,Get off at the next stop.,在下一站下車。
stop,n.,逗留/停留,We made a brief stop in Paris.,我們在巴黎短暫停留。
stop,n.,塞子/阻礙物,Put a stop in the bottle.,給瓶子塞上塞子。
stop,n.,(風琴的) 音栓/音調,He pulled out all the stops.,他使出了渾身解數（原指拉開風琴所有音栓）。
stop,v.,停止/結束,Please stop talking.,請停止說話。
stop,v.,阻擋/攔截,The goalkeeper stopped the ball.,守門員擋住了球。
store,n.,商店,I went to the store.,我去了商店。
store,n.,儲備量,a store of knowledge,知識的儲備。
store,v.,儲存,We store food for winter.,我們儲存食物過冬。
strain,n.,拉傷/壓力,The job is putting a strain on him.,這份工作給他帶來很大壓力。
strain,n.,(病毒) 株/變種,Doctors found a new strain of the virus.,醫生發現了一種新的病毒株。
strain,v.,過濾,Strain the pasta and serve.,將義大利麵過濾掉水後端上桌。
strike,n.,罷工,a nationwide strike,全國性罷工。
strike,n.,打擊（軍事）,an air strike,空襲。
strike,v.,打擊,He struck the table with his fist.,他用拳頭打桌子。
strike,v.,突然想到,An idea struck me.,我突然想到一個主意。
strike,v.,罷工,The workers are striking for higher pay.,工人為加薪而罷工。
subject,adj.,易受...影響的,The flight is subject to delay.,航班可能會延誤。
subject,n.,主題/學科,Math is my favorite subject.,數學是我最喜歡的學科。
subject,v.,使服從/遭受,He was subjected to criticism.,他遭受了批評。
suit,n.,西裝/套裝,He wore a dark suit to the interview.,他穿著深色西裝去面試。
suit,n.,訴訟/法律案件,They filed a law suit against the company.,他們對該公司提起了法律訴訟。
suit,v.,適合/中意,Does this time suit you?,這個時間對你方便（適合）嗎？
summit,n.,山頂/頂峰,We reached the summit at noon.,我們在中午抵達了山頂。
summit,n.,峰會/高層會議,The leaders attended the G20 summit.,各國領導人參加了 G20 峰會。
table,n.,桌子/表格,Please look at the table on page 5.,請看第 5 頁的表格。
table,v.,提交討論 (英),They tabled a new proposal.,他們提交了一項新提案。
table,v.,擱置 (美),The motion was tabled for now.,該動議目前被擱置了。
tap,n.,水龍頭,Turn off the tap.,關掉水龍頭。
tap,n.,輕拍,a gentle tap on the door,輕輕敲門。
tap,v.,輕拍,He tapped me on the shoulder.,他輕拍我的肩膀。
tap,v.,開發/利用,We need to tap new resources.,我們需要開發新資源。
tap,v.,竊聽,The phone was tapped.,電話被竊聽了。
temple,n.,寺廟,There is an ancient temple on the hill.,山上有一座古老的寺廟。
temple,n.,太陽穴,He rubbed his temples because of the headache.,他因為頭痛揉了揉太陽穴。
tender,adj.,溫柔的,She gave him a tender look.,她溫柔地看了他一眼。
tender,adj.,嫩的,The meat is tender.,這肉很嫩。
tender,n.,交通工具（駁船/補給車）,a tank tender,油罐補給車。
tender,v.,提出（正式）,He tendered his resignation.,他提出了辭呈。
thumb,n.,大拇指,He sucked his thumb.,他吸吮大拇指。
thumb,v.,翹起拇指搭便車,He thumbed a ride to the city.,他豎起拇指搭便車進城。
thumb,v.,翻閱（書頁）,She thumbed through the magazine.,她翻閱雜誌。
tip,n.,尖端/頂端,The tip of the iceberg.,冰山一角。
tip,n.,小費,He left a generous tip.,他留下了豐厚的小費。
tip,n.,秘訣/提示,Here's a useful tip for you.,給你一個實用的建議。
tip,v.,傾倒/翻倒,The boat tipped over.,船翻了。
train,n.,火車,The train is late.,火車誤點了。
train,v.,訓練,They train dogs for rescue.,他們訓練狗進行救援。
treat,n.,樂事/款待,It's a treat to see you.,見到你真開心。
treat,v.,對待,She treats me kindly.,她對我很好。
treat,v.,治療,The doctor treated my wound.,醫生治療我的傷口。
treat,v.,款待,I'll treat you to dinner.,我請你吃晚餐。
trip,n.,旅行,We went on a business trip.,我們去出差（商務旅行）。
trip,v.,絆倒,He tripped over a wire.,他被電線絆倒了。
trip,v.,觸發/觸動 (開關或警報),Someone tripped the silent alarm.,有人觸發了靜默警報。
watch,n.,手錶,My watch is fast.,我的手錶快了。
watch,v.,看,Do you watch TV?,你看電視嗎？
watch,v.,注意,Watch your step.,注意腳步。
water,n.,水,Drink plenty of water.,喝充足的水。
water,v.,給...澆水,Don't forget to water the plants.,別忘了給植物澆水。
water,v.,流口水/流淚,The smell made my mouth water.,那香味讓我流口水。
wave,n.,波浪,The waves crashed on the shore.,波浪拍打海岸。
wave,n.,浪潮（趨勢）,a wave of protest,一波抗議浪潮。
wave,v.,揮手,He waved goodbye.,他揮手告別。
wave,v.,起伏,The flag waved in the wind.,旗子在風中飄揚。
weather,n.,天氣,The weather is beautiful today.,今天天氣很好。
weather,v.,度過/經受住,The company weathered the crisis.,公司挺過了這次危機。
well,adj.,健康的,I don't feel well.,我覺得不舒服。
well,adv.,好地,She sings well.,她唱得很好。
well,inter.,嗯（感嘆詞）,"Well,let's start.",嗯，我們開始吧。
well,n.,水井,The village has an old well.,村裡有一口古井。
wrist,n.,手腕,She wore a bracelet on her wrist.,她手腕上戴了手鐲。
wrist,v.,用手腕揮動,He wristed the ball into the net.,他用手腕把球甩進網中。
yield,n.,產量/收益,The crop yield was lower this year.,今年的農作物產量較低。
yield,v.,產生/產出,This investment yields high returns.,這項投資產生了高回報。
yield,v.,屈服/讓路,He yielded to the pressure.,他屈服於壓力。
handle,n.,把手/柄,The door handle is broken.,門把壞了。
handle,v.,處理/應付,She knows how to handle pressure.,她知道如何應付壓力。
handle,v.,觸摸/拿取,Please handle with care.,請小心拿取（易碎品）。
room,n.,房間,There are three rooms in the house.,這房子有三個房間。
room,n.,空間/餘地 (不可數),Is there any room for improvement?,還有進步的空間（餘地）嗎？
might,auxi.,可能 (may 的過去式),It might rain tonight.,今晚可能會下雨。
might,n.,力量/威力,They fought with all their might.,他們竭盡全力（力量）戰鬥。
hide,v.,躲藏/隱藏,They hid the treasure in a cave.,他們把寶藏藏在山洞裡。
hide,n.,獸皮/皮革,The drums are made of animal hides.,這些鼓是用動物皮革製成的。
hit,v.,打擊/碰撞,The car hit a tree.,汽車撞上了一棵樹。
hit,n.,成功/紅極一時的人事物,Her new song is a big hit.,她的新歌非常受歡迎（大紅大紫）。
hit,v.,突然意識到,It suddenly hit me that I was late.,我突然意識到我遲到了。
own,adj.,自己的,I saw it with my own eyes.,我親眼所見。
own,v.,擁有,Who owns this house?,誰擁有這棟房子？
own,v.,承認 (own up to),He owned his mistakes.,他承認了他的錯誤。
goal,n.,目標/目的,My goal is to study abroad.,我的目標是出國留學。
goal,n.,進球/球門,He scored a amazing goal.,他踢進了一個精彩的球。
knock,v.,敲/擊,Someone is knocking at the door.,有人在敲門。
knock,n.,敲擊聲,I heard a knock on the window.,我聽到窗戶傳來敲擊聲。
knock,v.,批評 (口語),Don't knock it until you try it.,沒試過以前不要批評它。
lack,n.,缺乏/不足,The project failed for lack of funds.,該計畫因缺乏資金而失敗。
lack,v.,缺少,He lacks the confidence to lead.,他缺少領導的自信。
lay,v.,放置/產卵,Please lay the book on the table.,請把書放在桌上。
lay,adj.,外行的/非專業的,"In lay terms, it means...",用外行人的話來說（通俗來說），這意味著...
lift,v.,舉起/抬起,Can you lift this heavy box?,你能搬起這個重箱子嗎？
lift,n.,電梯 (英式),We took the lift to the 10th floor.,我們搭電梯到 10 樓。
lift,n.,搭便車,Can you give me a lift to the station?,你能載我一程去車站嗎？
limit,n.,限制/界限,There is a speed limit here.,這裡有速度限制。
limit,v.,限制/限定,We must limit our spending.,我們必須限制開支。
rule,n.,規則/規定,You must follow the rules.,你必須遵守規則。
rule,v.,統治/裁決,King Victoria ruled for 63 years.,維多利亞女王統治了 63 年。
rule,n.,常規/習慣 (as a rule),"As a rule, I get up at six.",通常情況下，我六點起床。
make,v.,製造/做,I made a cake for his birthday.,我為他的生日做了一個蛋糕。
make,n.,品牌/型號,What make is your car?,你的車是什麼牌子的？
make,v.,成為/適合,She will make a great doctor.,她會成為一名優秀的醫生。
master,n.,主人/大師,He is a master of martial arts.,他是一位武術大師。
master,v.,精通/掌握,She mastered the French language.,她精通了法語。
master,n.,碩士學位,He has a Master's degree.,他擁有碩士學位。
mind,n.,頭腦/理智,Keep an open mind.,保持開放的心態。
mind,v.,介意/在乎,Do you mind if I smoke?,你介意我抽菸嗎？
mind,v.,照顧/留神,Mind the gap between the train and platform.,請小心列車與月台間的空隙。
move,v.,移動/搬家,We are moving to a new office.,我們要搬到新辦公室。
move,v.,使感動,The movie deeply moved me.,這部電影深深打動了我。
move,n.,舉動/步驟,It's your move (in chess).,該你走了（下棋時）。
pass,v.,通過/經過,Did you pass the exam?,你考試通過了嗎？
pass,n.,通行證/門票,You need a mountain pass to enter.,你需要入山證才能進入。
pass,v.,傳遞,Please pass the salt.,請把鹽遞給我。
pass,n.,山隘/山口,The army moved through the mountain pass.,軍隊通過了山隘。
please,v.,請 (禮貌用語),Please sit down.,請坐。
please,v.,使高興/取悅,You can't please everyone.,你不可能取悅每一個人。
print,v.,印刷/列印,I'll print the document for you.,我會為你列印這份文件。
print,n.,指紋/足跡 (常用於複數),The police found fingerprints.,警察發現了指紋。
print,n.,印刷字體 (非草寫),Please write in block print.,請以正體（非草寫）書寫。
party,n.,派對/聚會,We had a great time at the party.,我們在派對上玩得很開心。
party,n.,政黨,He belongs to the Liberal Party.,他隸屬於自由黨。
party,n.,當事人/一方 (法律),Both parties signed the contract.,雙方（當事人）都簽署了合約。
puzzle,n.,謎題/拼圖,I love solving cross-word puzzles.,我喜歡玩填字遊戲（謎題）。
puzzle,v.,使困惑,The sudden change puzzled me.,突如其來的變化讓我感到困惑。
wonder,v.,想知道/納悶,I wonder why he is late.,我想知道他為什麼遲到。
wonder,n.,驚奇/奇觀,The Grand Canyon is a wonder of nature.,大峽谷是大自然的奇觀。
capture,v.,捕捉/捕獲,The police captured the thief.,警察抓住了小偷。
capture,v.,留住 (瞬間/美感),The photo captures her smile.,這張照片捕捉到了她的笑容。
close,v.,關閉,Close the door.,關門！
close,adj.,親近的/接近的,They are close friends.,他們是親密的朋友。
close,n.,結束/終結,The meeting came to a close.,會議結束了。
show,v.,展示/表現,Please show your passport. ,請出示你的護照。
show,n.,展覽/表演,Did you see the fashion show?,你看時裝秀了嗎？
show,n.,跡象 (常指病徵),There is no show of improvement.,沒有好轉的跡象。
trunk,n.,象鼻,The elephant used its trunk to eat.,大象用象鼻吃東西。
trunk,n.,樹幹,The trunk of this oak is very thick.,這棵橡樹的樹幹很粗。
trunk,n.,後車廂 (美),Put your bags in the trunk.,把你的行李放在後車廂。
pretty,adj.,漂亮的,The little girl is pretty.,小女孩很漂亮。
pretty,adv.,相當地/非常,I am pretty sure about it.,我對此相當確定。
stream,n.,溪流/小河,We jumped across the stream.,我們跳過了小溪。
stream,v.,流動/串流 (影音),Sunlight streamed through the window.,陽光從窗戶灑進來（流瀉）。
sparkle,v.,閃耀/發光,The diamonds sparkled in the light.,鑽石在光線下閃閃發光。
sparkle,n.,活力/閃光,Her eyes have a bright sparkle.,她的眼睛很有神采（閃爍）。
stick,n.,棍子/枝條,Use a stick to stir the fire.,用棍子撥火。
stick,v.,黏貼/固定,Stick the label on the box.,把標籤貼在箱子上。
stick,v.,堅持 (stick to),We must stick to the plan.,我們必須堅持計劃。
spear,n.,矛/魚叉,The hunter carried a spear.,獵人拿著一支矛。
spear,v.,刺/戳,He speared a piece of meat with a fork.,他用叉子叉起一塊肉。
fall,v.,落下/跌倒,He usually falls asleep in class. ,他經常在課上睡著。
fall,n.,秋天 (美),I love the colors in the fall.,我喜歡秋天的色彩。
fall,n.,瀑布 (常用複數 falls),We visited Niagara Falls.,我們參觀了尼加拉瀑布。
splash,v.,濺起/潑水,The kids were splashing in the pool.,孩子們在池子裡玩水。
splash,n.,亮點/引人注目的事物,Her dress added a splash of color.,她的裙子增添了一抹亮色。
burst,v.,爆炸/破裂,The balloon burst.,氣球破了。
burst,n.,突然爆發,A burst of applause followed the speech.,演講後響起了一陣掌聲。
share,v.,分享,I have a secret to share with you.,我跟你分享一個秘密。
share,n.,股份/一份,He sold all his shares in the company.,他賣掉了公司的所有股份。
turn,v.,轉動/變成,His face turned red.,他的臉紅了。
turn,n.,輪到的機會,It's your turn to wash the dishes.,輪到你洗碗了。
family,n.,家庭/家人,There are five people in my family. ,我家有五口人。
family,n.,(生物分類) 科,Lions belong to the cat family.,獅子屬於貓科。
school,n.,學校,I go to school by train. ,我坐火車上學。
school,n.,魚群 (a school of fish),Look at that school of dolphins.,看那一群海豚。
school,n.,學派/流派,He belongs to a different school of thought.,他屬於不同的思想學派。
experience,n.,經驗/經歷 (不可數/可數),I have ten years of experience.,我有十年的經驗。
experience,v.,體驗/遭受,The country is experiencing a crisis.,該國正經歷一場危機。
study,v.,學習/研究,He is studying.,他在學習。
study,n.,研究報告/調查,A recent study shows that...,最近的一項研究顯示...
study,n.,書房,He is reading in his study.,他正在書房裡看書。
paper,n.,紙張,Write your name on the paper.,在紙上寫下你的名字。
paper,n.,論文/報告,He published a paper on physics.,他發表了一篇關於物理的論文。
paper,n.,報紙,Did you read today's paper?,你讀了今天的報紙嗎？
paper,v.,貼壁紙,We decided to paper the bedroom.,我們決定給臥室貼上壁紙。
shelter,n.,避難所/遮蔽處,They found shelter from the rain.,他們找到了避雨的地方。
shelter,v.,庇護/掩護,The trees sheltered us from the sun.,樹木為我們遮擋了陽光。
can,auxiliary,能夠/可以,Can you help me?,你可以幫我一下嗎？
can,n.,罐頭/金屬罐,Open a can of soup.,打開一罐湯。
can,v.,將...裝罐,They can peaches in the factory.,他們在工廠裡把桃子裝成罐頭。
can,v.,解僱 (美式俚語),He got canned for his poor work.,他因為工作表現差被開除了。
cause,n.,原因/起因,What was the cause of the fire?,火災的原因是什麼？
cause,v.,導致/引起,The storm caused a lot of damage.,這場風暴造成了很大的損害。
cause,n.,理想/事業/訴求,They are fighting for a noble cause.,他們正在為一個高尚的理想而奮鬥。
document,n.,文件/公文,Please sign this document.,請在這份文件上簽名。
document,v.,記錄/記載,We need to document the entire process.,我們需要記錄整個過程。
guide,n.,指南/導遊,Read the user guide carefully.,仔細閱讀使用者指南。
guide,v.,引導/指導,The stars guided the sailors.,星星引導著水手們。
attempt,v.,嘗試/企圖,He attempted to break the record.,他嘗試打破紀錄。
attempt,n.,嘗試/努力,This was his first attempt at cooking.,這是他第一次嘗試下廚。
pack,v.,打包/裝箱,I need to pack my suitcase.,我需要收拾我的行李箱。
pack,n.,(動物) 一群/一包,A pack of wolves was howling.,一群狼正在嚎叫。
pack,v.,擠滿/塞滿,Fans packed the stadium.,歌迷們擠滿了體育場。
apply,v.,申請,I want to apply for this job.,我想申請這份工作。
apply,v.,應用/適用,The rule does not apply here.,這項規則在這裡不適用。
apply,v.,塗抹/敷,Apply the cream to the wound.,將藥膏塗抹在傷口上。
application,n.,申請(書),Send in your application by Friday.,週五前遞交你的申請。
application,n.,應用/用途,The technology has many applications.,這項技術有許多用途。
application,n.,應用程式 (App),Download the mobile application.,下載行動應用程式。
factor,n.,因素/要素,Price is a key factor in the decision.,價格是決策的關鍵因素。
factor,n.,因數 (數學),3 is a factor of 15.,3 是 15 的因數。
factor,v.,把...納入考慮 (factor in),Remember to factor in the cost of shipping.,記得要把運費納入考慮。
manage,v.,管理/經營,He manages a team of ten people.,他管理一個十人的團隊。
manage,v.,設法做到/應付,I managed to finish the work on time.,我設法準時完成了工作。
overall,adj.,全部的/整體的,The overall cost was $100.,總成本（整體費用）是 100 美元。
overall,n.,工作服/連身褲,He wore blue overalls.,他穿著藍色工作服。
place,n.,地方/地點,I need a quiet place. ,我需要一個安靜的地方。
place,v.,放置/安置,She placed the vase on the table.,她把花瓶放在桌上。
place,v.,名次/排名,He placed second in the race.,他在比賽中獲得第二名。
area,n.,地區/區域,I know the local area very well. ,我對當地很了解。
area,n.,面積,What is the area of the square?,這個正方形的面積是多少？
area,n.,領域/範圍,Physics is not my area of expertise.,物理不是我的專業領域。
high,adj.,高的,She likes to wear high heels. ,她喜歡穿高跟鞋。
high,n.,最高點/紀錄,Prices reached a new high.,價格達到了新高。
work,v.,工作,My brother works in a factory. ,我哥哥在一家工廠工作。
work,v.,運作；運行,The medicine doesn't work well. ,這種藥不太有效果。
work,n.,作品/著作,This is a famous work of art.,這是一件著名的藝術作品。
fold,v.,折疊,Fold the paper in half.,把紙對折。
fold,n.,摺痕,There was a fold in the map.,地圖上有個摺痕。
fold,n.,羊圈/圈子 (歸隊),He returned to the family fold.,他回到了家族的圈子（歸隊）。
tail,n.,尾巴,The dog is waggling its tail. ,夠搖著尾巴。
tail,v.,尾隨/跟蹤,The detective tailed the suspect.,偵探尾隨了嫌疑犯。
tail,n.,(硬幣的) 背面,Heads or tails?,正面還是反面？
field,n.,田地/原野,The students will go on a field trip next week. ,學生下週有校外教學。
field,n.,領域/學科,He is an expert in the field of AI.,他是 AI 領域的專家。
field,v.,處理/應付 (問題/球),She fielded some tough questions.,她應付了一些棘手的問題。
major,adj.,主要的/重大的,A major change is coming.,一場重大的變革即將到來。
major,n.,主修/專業,My major is Economics.,我的主修（專業）是經濟學。
major,v.,主修 (major in),I majored in History at college.,我在大學主修歷史。
majority,n.,多數/過半數,The majority of people agreed.,大多數人都同意。
majority,n.,法定成年,He has reached his majority.,他已經成年了（達到法定年齡）。
minor,adj.,次要的/輕微的,It was just a minor mistake.,那只是一個輕微的錯誤。
minor,n.,輔修學位,She has a minor in Psychology.,她輔修心理學。
minor,n.,未成年人,Minors are not allowed to drink.,未成年人禁止飲酒。
minority,n.,少數/少數族群,They are a small minority.,他們是少數群體。
extreme,adj.,極端的/極度的,The weather was extreme.,天氣非常極端。
extreme,n.,極端/兩極,Love and hate are two extremes.,愛與恨是兩個極端。
position,n.,位置/姿勢,We can see the whole city from this position. ,從這個位置可以看到整個城市。
position,n.,職位/地位,He holds a high position in the firm.,他在公司擔任高職。
position,n.,立場/態度,What is your position on this issue?,你對這個問題的立場是什麼？
stamp,n.,郵票,This is a rare stamp.,這張郵票很稀有。
stamp,v.,蓋章/戳印,They stamped my passport.,他們在我的護照上蓋了章。
stamp,v.,跺腳,She stamped her foot in anger.,她憤怒地跺腳。
stamp,n.,標記/特徵,The design bears the stamp of genius.,這個設計帶有天才的印記（特徵）。